{
  "issues": [
    {
      "id": "issue_008",
      "number": 8,
      "theme": "GURBET",
      "subtitle": "Ayrılık, Özlem ve Aidiyet Üzerine",
      "slug": "8-gurbet",
      "coverImage": {
        "url": "/images/covers/issue-8-gurbet.jpg",
        "alt": "8. Sayı - Gurbet",
        "width": 1200,
        "height": 1600
      },
      "publishDate": "2025-09-01",
      "publishMonth": "Eylül 2025",
      "manifesto": "**Gurbet**, sadece coğrafi bir mesafe değil, ruhun derinliklerinde yaşanan bir kopuş ve arayıştır. Bu sayıda, gurbetin çok boyutlu anlamını keşfediyoruz.",
      "editorNote": "Bu sayıda gurbet temasını farklı açılardan ele aldık.",
      "articleIds": ["art_001", "art_002", "art_004"],
      "pdfUrl": "/pdfs/mazhar-sayi-8-gurbet.pdf",
      "pdfSize": "12.5 MB",
      "stats": {
        "articleCount": 3,
        "totalWords": 8500,
        "contributorCount": 3
      },
      "active": true,
      "locale": "tr"
    },
    {
      "id": "issue_009",
      "number": 9,
      "theme": "ESTETİK",
      "subtitle": "Güzellik, Sanat ve Anlam",
      "slug": "9-estetik",
      "coverImage": {
        "url": "/images/covers/issue-9-estetik.jpg",
        "alt": "9. Sayı - Estetik",
        "width": 1200,
        "height": 1600
      },
      "publishDate": "2025-11-01",
      "publishMonth": "Kasım 2025",
      "manifesto": "**Estetik**, algının ve duyumun tüm boyutlarını kapsar. Modern dünyada estetik her yere sızmıştır.",
      "articleIds": ["art_003", "art_005"],
      "pdfUrl": "/pdfs/mazhar-sayi-9-estetik.pdf",
      "pdfSize": "15.2 MB",
      "stats": {
        "articleCount": 2,
        "totalWords": 7200,
        "contributorCount": 2
      },
      "active": true,
      "locale": "tr"
    }
  ]
}
